corpus,prefix,measure,package,fast,abs_diff
general,1000,mattr_w1000,0.3770000000,0.3770000000,0.00e+00
general,1000,mattr_w500,0.4527025948,0.4527025948,0.00e+00
general,1000,mtld,55.2155174703,55.2155174703,0.00e+00
general,1000,hdd,0.7840831399,0.7840831399,6.93e-12
general,10000,mattr_w1000,0.3900999889,0.3900999889,0.00e+00
general,10000,mattr_w500,0.4552449216,0.4552449216,0.00e+00
general,10000,mtld,58.3701459902,58.3701459902,0.00e+00
general,10000,hdd,0.7887412540,0.7887412541,1.04e-10
general,100000,mattr_w1000,0.3954142988,0.3954142988,0.00e+00
general,100000,mattr_w500,0.4609904021,0.4609904021,0.00e+00
general,100000,mtld,63.2342138091,63.2342138091,0.00e+00
general,100000,hdd,0.8260320983,0.8260321934,9.51e-08
technical,1000,mattr_w1000,0.3250000000,0.3250000000,0.00e+00
technical,1000,mattr_w500,0.3895329341,0.3895329341,0.00e+00
technical,1000,mtld,49.5211858848,49.5211858848,0.00e+00
technical,1000,hdd,0.8097703710,0.8097703710,6.52e-12
technical,10000,mattr_w1000,0.3896140429,0.3896140429,0.00e+00
technical,10000,mattr_w500,0.4540336807,0.4540336807,0.00e+00
technical,10000,mtld,66.7161671638,66.7161671638,0.00e+00
technical,10000,hdd,0.8316118163,0.8316118164,6.04e-11
technical,100000,mattr_w1000,0.3857060232,0.3857060232,0.00e+00
technical,100000,mattr_w500,0.4494021769,0.4494021769,0.00e+00
technical,100000,mtld,63.7233477500,63.7233477500,0.00e+00
technical,100000,hdd,0.8631309006,0.8631309951,9.44e-08
