corpus,measure,n_points,grid_min_n,grid_max_n,value_min,value_max,value_at_full,rel_range_pct,slope_per_decade,slope_pct_of_mean_per_decade,pearson_r_vs_logN,loglog_slope
general,ttr,11,1000,38618336,0.005293,0.377,0.005293,314.97,-0.077277,-65.48,-0.938,-0.4095
general,guiraud,11,1000,38618336,11.9218,37.2086,32.8936,85.7,5.008517,16.97,0.8536,0.0905
general,mattr_w1000,11,1000,38618336,0.371026,0.408143,0.379559,9.66,-0.002741,-0.71,-0.4157,-0.003
general,mattr_w500,11,1000,38618336,0.439598,0.463969,0.447083,5.41,-0.00233,-0.52,-0.5041,-0.0022
general,mtld,11,1000,38618336,55.22,63.23,60.18,13.55,1.058225,1.79,0.6626,0.008
general,hdd,11,1000,38618336,0.784083,0.826032,0.819315,5.2,0.008077,1.0,0.7971,0.0044
technical,ttr,9,1000,5685976,0.023673,0.325,0.023673,209.89,-0.086901,-60.53,-0.9712,-0.3264
technical,guiraud,9,1000,5685976,10.2774,56.4481,56.4481,139.53,11.294634,34.13,0.9924,0.1736
technical,mattr_w1000,9,1000,5685976,0.325,0.42137,0.379207,25.34,0.001141,0.3,0.0601,0.0023
technical,mattr_w500,9,1000,5685976,0.389533,0.48075,0.443302,20.57,0.001628,0.37,0.09,0.0022
technical,mtld,9,1000,5685976,49.52,69.81,59.8,32.98,-0.081336,-0.13,-0.0191,0.0012
technical,hdd,9,1000,5685976,0.80977,0.88139,0.88139,8.38,0.016018,1.87,0.9115,0.0082
