corpus,n_tokens,n_types,ttr,guiraud,mattr_w1000,mattr_w500,mtld,hdd
technical,1000,325,0.325,10.2774,0.325,0.389533,49.52,0.80977
technical,3000,957,0.319,17.4723,0.42137,0.48075,69.81,0.849667
technical,10000,2088,0.2088,20.88,0.389614,0.454034,66.72,0.831612
technical,30000,4920,0.164,28.4056,0.392547,0.454141,63.04,0.845094
technical,100000,10906,0.10906,34.4878,0.385706,0.449402,63.72,0.863131
technical,300000,21536,0.071787,39.3192,0.378652,0.442242,60.6,0.869705
technical,1000000,43717,0.043717,43.717,0.37721,0.440407,60.12,0.872283
technical,3000000,81054,0.027018,46.7965,0.373206,0.437963,60.39,0.873648
technical,5685976,134602,0.023673,56.4481,0.379207,0.443302,59.8,0.88139
